USE homestaybooking;

-- Sample data for Homestay Booking.
-- This seed only inserts data. It does not delete or reset existing records.
-- Demo password for all seeded accounts: Password123

START TRANSACTION;

INSERT IGNORE INTO users (
    id, fullname, password_hash, email, phone, dob, role, status, balance,
    created_at, updated_at, locked_at, unlocked_at
) VALUES
('00000000-0000-0000-0000-000000000001', 'System Admin', '$2a$12$B.eRMW0olnwUT5zoy1OpZeiNRJkRCrxN1O3662BlgJmu6w2svU5ZK', 'admin@homestay.local', '0901000001', '1990-01-15', 'ADMIN', 'ACTIVE', 0, '2026-01-01 08:00:00', '2026-01-01 08:00:00', NULL, NULL),
('00000000-0000-0000-0000-000000000002', 'Nguyen Minh Owner', '$2a$12$B.eRMW0olnwUT5zoy1OpZeiNRJkRCrxN1O3662BlgJmu6w2svU5ZK', 'owner.dalat@homestay.local', '0902000002', '1987-05-20', 'OWNER', 'ACTIVE', 3200000, '2026-01-02 08:00:00', '2026-05-10 10:00:00', NULL, NULL),
('00000000-0000-0000-0000-000000000003', 'Tran Thu Owner', '$2a$12$B.eRMW0olnwUT5zoy1OpZeiNRJkRCrxN1O3662BlgJmu6w2svU5ZK', 'owner.hoian@homestay.local', '0903000003', '1989-09-09', 'OWNER', 'ACTIVE', 0, '2026-01-03 08:00:00', '2026-01-03 08:00:00', NULL, NULL),
('00000000-0000-0000-0000-000000000004', 'Le An Customer', '$2a$12$B.eRMW0olnwUT5zoy1OpZeiNRJkRCrxN1O3662BlgJmu6w2svU5ZK', 'an.customer@homestay.local', '0904000004', '1998-04-12', 'CUSTOMER', 'ACTIVE', 3020000, '2026-01-04 08:00:00', '2026-05-01 09:15:00', NULL, NULL),
('00000000-0000-0000-0000-000000000005', 'Pham Binh Customer', '$2a$12$B.eRMW0olnwUT5zoy1OpZeiNRJkRCrxN1O3662BlgJmu6w2svU5ZK', 'binh.customer@homestay.local', '0905000005', '1996-11-30', 'CUSTOMER', 'ACTIVE', 800000, '2026-01-05 08:00:00', '2026-04-03 12:00:00', NULL, NULL),
('00000000-0000-0000-0000-000000000006', 'Do Chi Customer', '$2a$12$B.eRMW0olnwUT5zoy1OpZeiNRJkRCrxN1O3662BlgJmu6w2svU5ZK', 'chi.customer@homestay.local', '0906000006', '2000-07-25', 'CUSTOMER', 'ACTIVE', 1020000, '2026-01-06 08:00:00', '2026-01-06 08:00:00', NULL, NULL),
('00000000-0000-0000-0000-000000000007', 'Locked Test User', '$2a$12$B.eRMW0olnwUT5zoy1OpZeiNRJkRCrxN1O3662BlgJmu6w2svU5ZK', 'locked.user@homestay.local', '0907000007', '1994-03-03', 'CUSTOMER', 'LOCKED', 0, '2026-01-07 08:00:00', '2026-01-20 18:30:00', '2026-01-20 18:30:00', NULL);

INSERT IGNORE INTO homestays (
    id, owner_id, name, address, type, description, image_url, status,
    created_at, updated_at, deleted_at
) VALUES
('10000000-0000-0000-0000-000000000001', '00000000-0000-0000-0000-000000000002', 'Da Lat Mountain Stay', '12 Tran Hung Dao, Da Lat, Lam Dong', 'Mountain Villa', 'Cozy mountain homestay near pine forest and night market.', 'https://images.unsplash.com/photo-1500530855697-b586d89ba3ee', 'ACTIVE', '2026-01-10 09:00:00', '2026-01-10 09:00:00', NULL),
('10000000-0000-0000-0000-000000000002', '00000000-0000-0000-0000-000000000002', 'Hanoi Old Quarter Loft', '25 Hang Bac, Hoan Kiem, Ha Noi', 'City Loft', 'Compact loft for guests who want to stay close to the Old Quarter.', 'https://images.unsplash.com/photo-1522708323590-d24dbb6b0267', 'ACTIVE', '2026-01-11 09:00:00', '2026-01-11 09:00:00', NULL),
('10000000-0000-0000-0000-000000000003', '00000000-0000-0000-0000-000000000003', 'Hoi An Riverside Villa', '88 Bach Dang, Hoi An, Quang Nam', 'Riverside Villa', 'Quiet riverside villa with lantern garden and bicycle rental.', 'https://images.unsplash.com/photo-1564013799919-ab600027ffc6', 'ACTIVE', '2026-01-12 09:00:00', '2026-01-12 09:00:00', NULL),
('10000000-0000-0000-0000-000000000004', '00000000-0000-0000-0000-000000000003', 'Saigon Garden House', '41 Nguyen Van Huong, Thu Duc, Ho Chi Minh City', 'Garden House', 'Garden-style stay currently being refreshed before reopening.', 'https://images.unsplash.com/photo-1600585154340-be6161a56a0c', 'INACTIVE', '2026-01-13 09:00:00', '2026-02-01 09:00:00', NULL);

INSERT IGNORE INTO rooms (
    id, homestay_id, name, type, capacity, description, image_url, status,
    created_at, updated_at, deleted_at
) VALUES
('20000000-0000-0000-0000-000000000001', '10000000-0000-0000-0000-000000000001', 'Pine View Deluxe', 'Deluxe', 2, 'Private balcony with pine hill view, queen bed and work desk.', 'https://images.unsplash.com/photo-1566665797739-1674de7a421a', 'AVAILABLE', '2026-01-15 09:00:00', '2026-01-15 09:00:00', NULL),
('20000000-0000-0000-0000-000000000002', '10000000-0000-0000-0000-000000000001', 'Family Attic Suite', 'Family', 4, 'Warm attic suite for families with two beds and small pantry.', 'https://images.unsplash.com/photo-1590490360182-c33d57733427', 'AVAILABLE', '2026-01-15 09:05:00', '2026-01-15 09:05:00', NULL),
('20000000-0000-0000-0000-000000000003', '10000000-0000-0000-0000-000000000002', 'Old Quarter Studio', 'Studio', 2, 'Bright studio with kitchenette in walking distance to Hoan Kiem lake.', 'https://images.unsplash.com/photo-1505693416388-ac5ce068fe85', 'AVAILABLE', '2026-01-16 09:00:00', '2026-01-16 09:00:00', NULL),
('20000000-0000-0000-0000-000000000004', '10000000-0000-0000-0000-000000000003', 'Lantern River Room', 'River View', 2, 'Room facing the river with wooden furniture and lantern balcony.', 'https://images.unsplash.com/photo-1560448204-e02f11c3d0e2', 'AVAILABLE', '2026-01-17 09:00:00', '2026-01-17 09:00:00', NULL),
('20000000-0000-0000-0000-000000000005', '10000000-0000-0000-0000-000000000003', 'Garden Villa Suite', 'Suite', 3, 'Large suite beside the garden, suitable for couples or small families.', 'https://images.unsplash.com/photo-1616486338812-3dadae4b4ace', 'AVAILABLE', '2026-01-17 09:05:00', '2026-01-17 09:05:00', NULL),
('20000000-0000-0000-0000-000000000006', '10000000-0000-0000-0000-000000000004', 'Saigon Patio Room', 'Standard', 2, 'Patio room under maintenance while the garden is renovated.', 'https://images.unsplash.com/photo-1586023492125-27b2c045efd7', 'MAINTENANCE', '2026-01-18 09:00:00', '2026-02-01 09:00:00', NULL);

INSERT IGNORE INTO amenities (id, name, description, created_at, updated_at, deleted_at) VALUES
('30000000-0000-0000-0000-000000000001', 'WiFi', 'High-speed wireless internet.', '2026-01-20 08:00:00', '2026-01-20 08:00:00', NULL),
('30000000-0000-0000-0000-000000000002', 'Air Conditioning', 'Private air conditioner in room.', '2026-01-20 08:00:00', '2026-01-20 08:00:00', NULL),
('30000000-0000-0000-0000-000000000003', 'Breakfast', 'Simple breakfast included.', '2026-01-20 08:00:00', '2026-01-20 08:00:00', NULL),
('30000000-0000-0000-0000-000000000004', 'Free Parking', 'Parking space available for guests.', '2026-01-20 08:00:00', '2026-01-20 08:00:00', NULL),
('30000000-0000-0000-0000-000000000005', 'Kitchen', 'Shared or private kitchen access.', '2026-01-20 08:00:00', '2026-01-20 08:00:00', NULL),
('30000000-0000-0000-0000-000000000006', 'Washer', 'Laundry washer available.', '2026-01-20 08:00:00', '2026-01-20 08:00:00', NULL),
('30000000-0000-0000-0000-000000000007', 'Airport Pickup', 'Paid airport pickup on request.', '2026-01-20 08:00:00', '2026-01-20 08:00:00', NULL),
('30000000-0000-0000-0000-000000000008', 'Bicycle Rental', 'Bicycles available for local trips.', '2026-01-20 08:00:00', '2026-01-20 08:00:00', NULL),
('30000000-0000-0000-0000-000000000009', 'Balcony', 'Private balcony or terrace.', '2026-01-20 08:00:00', '2026-01-20 08:00:00', NULL),
('30000000-0000-0000-0000-000000000010', 'Workspace', 'Desk suitable for laptop work.', '2026-01-20 08:00:00', '2026-01-20 08:00:00', NULL),
('30000000-0000-0000-0000-000000000011', 'Pet Friendly', 'Pets allowed with prior notice.', '2026-01-20 08:00:00', '2026-01-20 08:00:00', NULL),
('30000000-0000-0000-0000-000000000012', 'River View', 'Room or property has river view.', '2026-01-20 08:00:00', '2026-01-20 08:00:00', NULL);

INSERT IGNORE INTO room_amenities (room_id, amenity_id, created_at) VALUES
('20000000-0000-0000-0000-000000000001', '30000000-0000-0000-0000-000000000001', '2026-01-21 08:00:00'),
('20000000-0000-0000-0000-000000000001', '30000000-0000-0000-0000-000000000003', '2026-01-21 08:00:00'),
('20000000-0000-0000-0000-000000000001', '30000000-0000-0000-0000-000000000004', '2026-01-21 08:00:00'),
('20000000-0000-0000-0000-000000000001', '30000000-0000-0000-0000-000000000009', '2026-01-21 08:00:00'),
('20000000-0000-0000-0000-000000000001', '30000000-0000-0000-0000-000000000010', '2026-01-21 08:00:00'),
('20000000-0000-0000-0000-000000000002', '30000000-0000-0000-0000-000000000001', '2026-01-21 08:00:00'),
('20000000-0000-0000-0000-000000000002', '30000000-0000-0000-0000-000000000003', '2026-01-21 08:00:00'),
('20000000-0000-0000-0000-000000000002', '30000000-0000-0000-0000-000000000005', '2026-01-21 08:00:00'),
('20000000-0000-0000-0000-000000000002', '30000000-0000-0000-0000-000000000006', '2026-01-21 08:00:00'),
('20000000-0000-0000-0000-000000000003', '30000000-0000-0000-0000-000000000001', '2026-01-21 08:00:00'),
('20000000-0000-0000-0000-000000000003', '30000000-0000-0000-0000-000000000002', '2026-01-21 08:00:00'),
('20000000-0000-0000-0000-000000000003', '30000000-0000-0000-0000-000000000005', '2026-01-21 08:00:00'),
('20000000-0000-0000-0000-000000000003', '30000000-0000-0000-0000-000000000010', '2026-01-21 08:00:00'),
('20000000-0000-0000-0000-000000000004', '30000000-0000-0000-0000-000000000001', '2026-01-21 08:00:00'),
('20000000-0000-0000-0000-000000000004', '30000000-0000-0000-0000-000000000002', '2026-01-21 08:00:00'),
('20000000-0000-0000-0000-000000000004', '30000000-0000-0000-0000-000000000008', '2026-01-21 08:00:00'),
('20000000-0000-0000-0000-000000000004', '30000000-0000-0000-0000-000000000012', '2026-01-21 08:00:00'),
('20000000-0000-0000-0000-000000000005', '30000000-0000-0000-0000-000000000001', '2026-01-21 08:00:00'),
('20000000-0000-0000-0000-000000000005', '30000000-0000-0000-0000-000000000002', '2026-01-21 08:00:00'),
('20000000-0000-0000-0000-000000000005', '30000000-0000-0000-0000-000000000003', '2026-01-21 08:00:00'),
('20000000-0000-0000-0000-000000000005', '30000000-0000-0000-0000-000000000008', '2026-01-21 08:00:00'),
('20000000-0000-0000-0000-000000000005', '30000000-0000-0000-0000-000000000009', '2026-01-21 08:00:00');

INSERT IGNORE INTO pricing_schedules (
    id, room_id, start_date, end_date, price_per_night, created_at, updated_at, deleted_at
) VALUES
('40000000-0000-0000-0000-000000000001', '20000000-0000-0000-0000-000000000001', '2026-01-01', '2026-12-31', 800000, '2026-01-22 08:00:00', '2026-01-22 08:00:00', NULL),
('40000000-0000-0000-0000-000000000002', '20000000-0000-0000-0000-000000000002', '2026-01-01', '2026-12-31', 700000, '2026-01-22 08:00:00', '2026-01-22 08:00:00', NULL),
('40000000-0000-0000-0000-000000000003', '20000000-0000-0000-0000-000000000003', '2026-01-01', '2026-12-31', 650000, '2026-01-22 08:00:00', '2026-01-22 08:00:00', NULL),
('40000000-0000-0000-0000-000000000004', '20000000-0000-0000-0000-000000000004', '2026-01-01', '2026-12-31', 900000, '2026-01-22 08:00:00', '2026-01-22 08:00:00', NULL),
('40000000-0000-0000-0000-000000000005', '20000000-0000-0000-0000-000000000005', '2026-01-01', '2026-12-31', 1100000, '2026-01-22 08:00:00', '2026-01-22 08:00:00', NULL),
('40000000-0000-0000-0000-000000000006', '20000000-0000-0000-0000-000000000006', '2026-01-01', '2026-12-31', 750000, '2026-01-22 08:00:00', '2026-01-22 08:00:00', NULL),
('40000000-0000-0000-0000-000000000007', '20000000-0000-0000-0000-000000000001', '2026-06-01', '2026-08-31', 900000, '2026-01-22 08:10:00', '2026-01-22 08:10:00', NULL),
('40000000-0000-0000-0000-000000000008', '20000000-0000-0000-0000-000000000005', '2026-06-01', '2026-08-31', 1200000, '2026-01-22 08:10:00', '2026-01-22 08:10:00', NULL);

INSERT IGNORE INTO blocked_dates (
    id, room_id, start_date, end_date, reason, created_at, updated_at, deleted_at
) VALUES
('50000000-0000-0000-0000-000000000001', '20000000-0000-0000-0000-000000000001', '2026-07-20', '2026-07-22', 'Owner maintenance window', '2026-02-01 08:00:00', '2026-02-01 08:00:00', NULL),
('50000000-0000-0000-0000-000000000002', '20000000-0000-0000-0000-000000000004', '2026-06-10', '2026-06-15', 'Room repainting', '2026-02-01 08:00:00', '2026-02-01 08:00:00', NULL),
('50000000-0000-0000-0000-000000000003', '20000000-0000-0000-0000-000000000006', '2026-02-01', '2026-04-30', 'Garden renovation', '2026-02-01 08:00:00', '2026-02-01 08:00:00', NULL);

INSERT IGNORE INTO vouchers (
    id, created_by, code, name, discount_type, discount_value, max_discount_amount,
    start_date, end_date, max_usage, used_count, min_order_value, status,
    created_at, updated_at, deleted_at
) VALUES
('60000000-0000-0000-0000-000000000001', '00000000-0000-0000-0000-000000000001', 'SUMMER10', 'Summer 10 Percent', 'PERCENTAGE', 10, 250000, '2026-06-01', '2026-08-31', 100, 2, 500000, 'ACTIVE', '2026-02-05 08:00:00', '2026-02-05 08:00:00', NULL),
('60000000-0000-0000-0000-000000000002', '00000000-0000-0000-0000-000000000001', 'WELCOME200', 'Welcome Fixed Discount', 'FIXED_AMOUNT', 200000, NULL, '2026-01-01', '2026-12-31', 80, 1, 1000000, 'ACTIVE', '2026-02-05 08:00:00', '2026-02-05 08:00:00', NULL),
('60000000-0000-0000-0000-000000000003', '00000000-0000-0000-0000-000000000001', 'LONGSTAY300', 'Long Stay Discount', 'FIXED_AMOUNT', 300000, NULL, '2026-01-01', '2026-12-31', 50, 0, 2000000, 'ACTIVE', '2026-02-05 08:00:00', '2026-02-05 08:00:00', NULL),
('60000000-0000-0000-0000-000000000004', '00000000-0000-0000-0000-000000000001', 'DALAT15OLD', 'Expired Da Lat Campaign', 'PERCENTAGE', 15, 300000, '2025-10-01', '2025-12-31', 30, 12, 800000, 'EXPIRED', '2025-10-01 08:00:00', '2026-01-01 08:00:00', NULL);

INSERT IGNORE INTO bookings (
    id, booked_by, room_id, voucher_id, check_in_date, check_out_date, total_nights,
    original_amount, discount_amount, total_amount, cancellation_fee, refund_amount,
    cancelled_at, status, created_at, updated_at, deleted_at
) VALUES
('70000000-0000-0000-0000-000000000001', '00000000-0000-0000-0000-000000000004', '20000000-0000-0000-0000-000000000001', '60000000-0000-0000-0000-000000000001', '2026-07-10', '2026-07-12', 2, 1600000, 160000, 1440000, 0, 0, NULL, 'CONFIRMED', '2026-05-25 10:00:00', '2026-05-25 10:00:00', NULL),
('70000000-0000-0000-0000-000000000002', '00000000-0000-0000-0000-000000000005', '20000000-0000-0000-0000-000000000002', '60000000-0000-0000-0000-000000000002', '2026-06-15', '2026-06-18', 3, 2100000, 200000, 1900000, 0, 0, NULL, 'COMPLETED', '2026-03-20 09:30:00', '2026-06-18 12:00:00', NULL),
('70000000-0000-0000-0000-000000000003', '00000000-0000-0000-0000-000000000004', '20000000-0000-0000-0000-000000000004', NULL, '2026-05-10', '2026-05-12', 2, 1800000, 0, 1800000, 540000, 1260000, '2026-05-01 09:15:00', 'CANCELLED', '2026-04-12 14:00:00', '2026-05-01 09:15:00', NULL),
('70000000-0000-0000-0000-000000000004', '00000000-0000-0000-0000-000000000006', '20000000-0000-0000-0000-000000000005', '60000000-0000-0000-0000-000000000001', '2026-08-05', '2026-08-07', 2, 2200000, 220000, 1980000, 0, 0, NULL, 'CONFIRMED', '2026-05-28 11:20:00', '2026-05-28 11:20:00', NULL),
('70000000-0000-0000-0000-000000000005', '00000000-0000-0000-0000-000000000005', '20000000-0000-0000-0000-000000000003', NULL, '2026-04-01', '2026-04-03', 2, 1300000, 0, 1300000, 0, 0, NULL, 'COMPLETED', '2026-03-01 15:45:00', '2026-04-03 12:00:00', NULL);

INSERT IGNORE INTO invoices (
    id, booking_id, subtotal, discount_amount, total_amount, payment_method,
    payment_status, payment_date, settlement_status, settled_at, refunded_at,
    created_at, updated_at, deleted_at
) VALUES
('80000000-0000-0000-0000-000000000001', '70000000-0000-0000-0000-000000000001', 1600000, 160000, 1440000, 'WALLET', 'PAID', '2026-05-25 10:00:05', 'NOT_SETTLED', NULL, NULL, '2026-05-25 10:00:05', '2026-05-25 10:00:05', NULL),
('80000000-0000-0000-0000-000000000002', '70000000-0000-0000-0000-000000000002', 2100000, 200000, 1900000, 'WALLET', 'PAID', '2026-03-20 09:30:05', 'SETTLED', '2026-06-18 12:05:00', NULL, '2026-03-20 09:30:05', '2026-06-18 12:05:00', NULL),
('80000000-0000-0000-0000-000000000003', '70000000-0000-0000-0000-000000000003', 1800000, 0, 1800000, 'WALLET', 'REFUNDED', '2026-04-12 14:00:05', 'CANCELLED', NULL, '2026-05-01 09:15:05', '2026-04-12 14:00:05', '2026-05-01 09:15:05', NULL),
('80000000-0000-0000-0000-000000000004', '70000000-0000-0000-0000-000000000004', 2200000, 220000, 1980000, 'WALLET', 'PAID', '2026-05-28 11:20:05', 'NOT_SETTLED', NULL, NULL, '2026-05-28 11:20:05', '2026-05-28 11:20:05', NULL),
('80000000-0000-0000-0000-000000000005', '70000000-0000-0000-0000-000000000005', 1300000, 0, 1300000, 'WALLET', 'PAID', '2026-03-01 15:45:05', 'SETTLED', '2026-04-03 12:10:00', NULL, '2026-03-01 15:45:05', '2026-04-03 12:10:00', NULL);

INSERT IGNORE INTO wallet_transactions (
    id, user_id, booking_id, transaction_type, amount, balance_before, balance_after, description, created_at
) VALUES
('90000000-0000-0000-0000-000000000001', '00000000-0000-0000-0000-000000000004', NULL, 'DEPOSIT', 5000000, 0, 5000000, 'Initial wallet top-up', '2026-03-01 08:00:00'),
('90000000-0000-0000-0000-000000000002', '00000000-0000-0000-0000-000000000004', '70000000-0000-0000-0000-000000000001', 'PAYMENT', -1440000, 5000000, 3560000, 'Payment for booking 70000000-0000-0000-0000-000000000001', '2026-05-25 10:00:05'),
('90000000-0000-0000-0000-000000000003', '00000000-0000-0000-0000-000000000004', '70000000-0000-0000-0000-000000000003', 'PAYMENT', -1800000, 3560000, 1760000, 'Payment for booking 70000000-0000-0000-0000-000000000003', '2026-04-12 14:00:05'),
('90000000-0000-0000-0000-000000000004', '00000000-0000-0000-0000-000000000004', '70000000-0000-0000-0000-000000000003', 'REFUND', 1260000, 1760000, 3020000, 'Refund for cancelled booking 70000000-0000-0000-0000-000000000003', '2026-05-01 09:15:05'),
('90000000-0000-0000-0000-000000000005', '00000000-0000-0000-0000-000000000005', NULL, 'DEPOSIT', 4000000, 0, 4000000, 'Initial wallet top-up', '2026-03-01 08:05:00'),
('90000000-0000-0000-0000-000000000006', '00000000-0000-0000-0000-000000000005', '70000000-0000-0000-0000-000000000002', 'PAYMENT', -1900000, 4000000, 2100000, 'Payment for booking 70000000-0000-0000-0000-000000000002', '2026-03-20 09:30:05'),
('90000000-0000-0000-0000-000000000007', '00000000-0000-0000-0000-000000000005', '70000000-0000-0000-0000-000000000005', 'PAYMENT', -1300000, 2100000, 800000, 'Payment for booking 70000000-0000-0000-0000-000000000005', '2026-03-01 15:45:05'),
('90000000-0000-0000-0000-000000000008', '00000000-0000-0000-0000-000000000006', NULL, 'DEPOSIT', 3000000, 0, 3000000, 'Initial wallet top-up', '2026-05-01 08:00:00'),
('90000000-0000-0000-0000-000000000009', '00000000-0000-0000-0000-000000000006', '70000000-0000-0000-0000-000000000004', 'PAYMENT', -1980000, 3000000, 1020000, 'Payment for booking 70000000-0000-0000-0000-000000000004', '2026-05-28 11:20:05'),
('90000000-0000-0000-0000-000000000010', '00000000-0000-0000-0000-000000000002', '70000000-0000-0000-0000-000000000002', 'OWNER_REVENUE', 1900000, 0, 1900000, 'Owner revenue for completed booking 70000000-0000-0000-0000-000000000002', '2026-06-18 12:05:00'),
('90000000-0000-0000-0000-000000000011', '00000000-0000-0000-0000-000000000002', '70000000-0000-0000-0000-000000000005', 'OWNER_REVENUE', 1300000, 1900000, 3200000, 'Owner revenue for completed booking 70000000-0000-0000-0000-000000000005', '2026-04-03 12:10:00');

INSERT IGNORE INTO reviews (
    id, booking_id, rating, comment, review_date, created_at, updated_at, deleted_at
) VALUES
('a0000000-0000-0000-0000-000000000001', '70000000-0000-0000-0000-000000000002', 5, 'Phong rong, sach va chu nha ho tro rat nhanh.', '2026-06-19 09:00:00', '2026-06-19 09:00:00', '2026-06-19 09:00:00', NULL),
('a0000000-0000-0000-0000-000000000002', '70000000-0000-0000-0000-000000000005', 4, 'Vi tri thuan tien, phong yen tinh. Se quay lai.', '2026-04-04 10:30:00', '2026-04-04 10:30:00', '2026-04-04 10:30:00', NULL);

COMMIT;
